path_name,size
/_headers,868
/assets/_-2qS0uPLP.js,451
/assets/animate-Cx4a5i3v.js,29874
/assets/api.set-theme-l0sNRNKZ.js,1
/assets/armor-CYh46DSQ.css,391
/assets/armor-Dun5dSfX.js,3472
/assets/articles.hello-world-2zvzKMrX.js,8275
/assets/articles.modern-styling-in-react-CUEFL4H2.js,63258
/assets/bus-DHUZVKrP.jpg,47095
/assets/clamp-e7DugykH.js,144
/assets/components-CF1GEuXb.js,269457
/assets/config-Cpu49-Mj.js,472
/assets/date-DvyCAN0s.js,123
/assets/decoder-text-CFc6EVfZ.js,1738
/assets/decoder-text-DSqD8fOZ.css,213
/assets/displacement-sphere-D2dKsJud.css,239
/assets/displacement-sphere-HGPq2h1j.js,12452
/assets/divider-CJ0zz9kw.css,1136
/assets/divider-qkHkoklO.js,719
/assets/earth-Ct-iA_pY.js,28557
/assets/earth-D0p_uvdJ.css,2110
/assets/earth-DvZudj9K.glb,1002980
/assets/entry.client-B_SWvPOC.js,3550
/assets/error-CmEnn51Q.css,4167
/assets/error-CXK0hhzQ.js,5376
/assets/error-flatline-eK98OAAk.svg,3081
/assets/flatline-DaiGY3H4.mp4,2352914
/assets/gamestack-list-BdO7kQnP.jpg,49001
/assets/gamestack-list-large-DYaUO4yA.jpg,130858
/assets/gamestack-login-hTRhV9nJ.jpg,31889
/assets/gamestack-login-large-ryOo_e4Z.jpg,90132
/assets/gotham-bold-D1kvQ7KV.woff2,11396
/assets/gotham-bold-italic-C_msAlmW.woff2,11920
/assets/gotham-book-Bnaws0Ef.woff2,12016
/assets/gotham-book-italic-Bm2IEtSK.woff2,12868
/assets/gotham-medium-0VT3RO8I.woff2,12048
/assets/gotham-medium-italic-Dok430ou.woff2,12808
/assets/heading-DxmoR0-i.css,6206
/assets/heading-DXmX_zg3.js,12329
/assets/icons-BONghUDb.svg,4632
/assets/image-CQFqa4Pm.css,2218
/assets/image-jWVJpz_8.js,6100
/assets/index-B00t2Ffv.js,15488
/assets/index-BUsloKFI.css,212
/assets/index-BzxHGz_K.js,398
/assets/index-D-vL9b89.css,2182
/assets/index-DFtG1G9v.js,9194
/assets/index-DNUcxx6J.js,7845
/assets/ipa-gothic-DimHCOud.woff2,7212
/assets/iphone-11-DGIHa_Ph.glb,27524
/assets/jsx-runtime-CbkKSL4Y.js,8572
/assets/katakana-DR-bVyLd.svg,3550
/assets/list-DkijDrbu.css,1128
/assets/list-R69ytIGK.js,365
/assets/macbook-pro-DZn-FKKF.glb,57032
/assets/manifest-65e62550.js,9797
/assets/meta-CpFjbb2S.js,2186
/assets/meta-CUrllC_C.css,2079
/assets/milkyway-nx-Ds_hwpSC.hdr,6699
/assets/milkyway-ny-BqhFvupA.hdr,6993
/assets/milkyway-nz-D6l6T-pv.hdr,6529
/assets/milkyway-px-BjIdbMt0.hdr,6791
/assets/milkyway-py-BD6pEbZF.hdr,6981
/assets/milkyway-pz-Bx3WFS88.hdr,6725
/assets/milkyway-Vkpv7LbT.jpg,53998
/assets/movie-CjQRXx42.png,676247
/assets/notfound-Cfa33_DP.mp4,4781340
/assets/priti-DNFSN1Vj.jpg,354436
/assets/product-Cr5ukP29.jpg,357086
/assets/profile-large-CCEQBeWY.jpg,219904
/assets/profile-placeholder-DOgU6wR2.jpg,9464
/assets/project-BuomXsjl.js,3716
/assets/project-D3JpM_tk.css,8018
/assets/root-BXvHnrOf.css,10875
/assets/root-CKXo6QRz.js,9235
/assets/route-BEqxb3qX.js,40566
/assets/route-BH5Ermtg.css,15043
/assets/route-BMFIlMHl.css,1623
/assets/route-BT5UbU5w.css,358
/assets/route-CJWqkCSj.css,796
/assets/route-CMd6_K8x.css,11567
/assets/route-Cwz9rNDA.js,5150
/assets/route-DC0UsjTk.js,11781
/assets/route-Dgq1E3jZ.js,6139
/assets/route-DISyD6N3.js,5058
/assets/route-DPTvbY4M.js,516
/assets/route-DPUEdzoM.js,13544
/assets/route-DtSYASGB.css,7133
/assets/route-DZ4V55Yk.css,9452
/assets/route-PiXNUkZG.css,2619
/assets/route-X4j2ib6y.js,24077
/assets/route-z5a4_Tt_.js,21843
/assets/server-build-C7YIHS6y.css,84899
/assets/slice-annotation-BYMGWVwS.png,12157
/assets/slice-annotation-large-BMgELH_L.png,21475
/assets/slice-annotation-placeholder-CCGEuhhx.png,1959
/assets/slice-app-large-CHKPTcWm.jpg,305940
/assets/slice-app-PoRtkkeP.jpg,110962
/assets/slice-background-5195om16.jpg,242336
/assets/slice-background-bar-DUyfyeHo.jpg,197886
/assets/slice-background-bar-large-CYHGpgXa.jpg,299043
/assets/slice-background-large-Dnpu52lB.jpg,571241
/assets/slice-irl-Bok-9coc.jpg,84941
/assets/slice-sidebar-annotations-CisIo7UR.png,13586
/assets/slice-sidebar-annotations-large-CrYJmPog.png,39337
/assets/slice-sidebar-annotations-placeholder-Bewc5d-7.png,1048
/assets/slice-sidebar-layers-jDBpAmZU.png,13587
/assets/slice-sidebar-layers-large-CqnA6hBc.png,41794
/assets/slice-slides-large--yrOgN_x.jpg,317666
/assets/slice-slides-me7j0Hig.jpg,96775
/assets/spr-background-BYcr6wKu.jpg,78368
/assets/spr-background-large-nYeU3Kau.jpg,121104
/assets/spr-background-volcanism-bmTr0iXr.jpg,85687
/assets/spr-background-volcanism-large-t0jgu3IX.jpg,153515
/assets/spr-background-volcanism-placeholder-BMmyN9Lv.jpg,2273
/assets/spr-components-dark-C4JG7Pbq.png,73962
/assets/spr-components-dark-large-DDLZMiq_.png,214341
/assets/spr-components-dark-placeholder-CS7TACCT.png,1720
/assets/spr-components-light-B7eB4kK-.png,77462
/assets/spr-components-light-large-DsBvVT1Z.png,219248
/assets/spr-components-light-placeholder-CszPt9Ak.png,1685
/assets/spr-design-system-dark-large-Dqc1QDG6.png,611100
/assets/spr-design-system-dark-m_r7zp6p.png,180855
/assets/spr-design-system-dark-placeholder-BnG6UVwD.png,1455
/assets/spr-design-system-light-BDN1DcyF.png,181736
/assets/spr-design-system-light-large-DpW3ORXR.png,618413
/assets/spr-design-system-light-placeholder-rqb9V2TD.png,1593
/assets/spr-lesson-builder-dark-CleNpN1U.jpg,99623
/assets/spr-lesson-builder-dark-large-DZ47e5rw.jpg,242163
/assets/spr-lesson-builder-dark-placeholder-BYjrS8rr.jpg,1872
/assets/spr-lesson-builder-light-large-BcyuLqHy.jpg,244395
/assets/spr-lesson-builder-light-placeholder-Dq8oUDzc.jpg,1927
/assets/spr-lesson-builder-light-UMmbA8fJ.jpg,100961
/assets/spr-motion-DNnC5DgY.mp4,2226973
/assets/spr-motion-large-3xc88jM5.mp4,3902106
/assets/spr-schema-1-dark-DrL_5NQ4.png,6737
/assets/spr-schema-1-dark-large-CeSqw0xT.png,15357
/assets/spr-schema-1-light-B5dEN2xi.png,6625
/assets/spr-schema-1-light-large-CkTsXpYP.png,14849
/assets/spr-schema-2-dark-DYmNi06o.png,6629
/assets/spr-schema-2-dark-large-WIGUIqzX.png,15594
/assets/spr-schema-2-dark-placeholder-BVZ4WW8t.png,1328
/assets/spr-schema-2-light-B53tZDTp.png,6918
/assets/spr-schema-2-light-large-h4BJSsho.png,15304
/assets/spr-storyboarder-dark-BuwX6fEO.png,93216
/assets/spr-storyboarder-dark-large-CILuJaRq.png,396334
/assets/spr-storyboarder-light-DqGEXS8o.png,96599
/assets/spr-storyboarder-light-large-Cs7Lwjrs.png,371729
/assets/three-BzMM05cl.js,583170
/assets/throttle-BgiUmwhn.js,102
/assets/use-spring-BMk3Njar.js,873
/assets/useParallax-Rf2XK00j.js,453
/assets/uses-background-DVBwh5G1.mp4,706864
/assets/uses-background-placeholder-ppC4yTdE.jpg,2604
/assets/useScrollToHash-DvNWYna8.js,660
/assets/useWindowSize-MDlHk0QV.js,769
/assets/visually-hidden-BBNz2Qe_.js,338
/assets/visually-hidden-DZKbrLgw.css,285
/assets/volkihar-background-BwfMx1oT.jpg,163639
/assets/volkihar-background-large-BNfdj2Th.jpg,231051
/assets/volkihar-banner-C736rbFi.jpg,25671
/assets/volkihar-banner-large-B7psY5Jh.jpg,47051
/assets/volkihar-book-B73D4Zfh.png,106992
/assets/volkihar-book-large-BpE5vkX8.png,402096
/assets/volkihar-book-placeholder-tOpZR4Vi.png,1063
/assets/volkihar-cube-nx-B7Zjde9E.jpg,7899
/assets/volkihar-cube-ny-K8Ej-0KC.jpg,7573
/assets/volkihar-cube-nz-CwSlGC5m.jpg,7663
/assets/volkihar-cube-px-B6VuHL6s.jpg,7772
/assets/volkihar-cube-py-nbSfCjcD.jpg,8031
/assets/volkihar-cube-pz-Bzqv8d-T.jpg,6905
/assets/volkihar-enderal-BTf8JKtt.jpg,109083
/assets/volkihar-enderal-large-T2LUjM5-.jpg,205001
/assets/volkihar-enderal-logo-Bg2oXoo9.png,13382
/assets/volkihar-enderal-logo-large-BbiR1dg4.png,44277
/assets/volkihar-knight-BtFNLzdG.glb,1032640
/assets/volkihar-slide-1-BJOjWYAS.jpg,83852
/assets/volkihar-slide-1-large-CkekFT3C.jpg,183983
/assets/volkihar-slide-2-1Kh0pCzp.jpg,58823
/assets/volkihar-slide-2-large-BzyjkLqK.jpg,134994
/assets/volkihar-slide-3-Dkb5mX5r.jpg,76537
/assets/volkihar-slide-3-large-C_8CrUhH.jpg,197772
/draco/draco_decoder.wasm,192420
/draco/draco_wasm_wrapper.js,58456
/favicon.ico,143954
/favicon.svg,143954
/humans.txt,692
/icon-256.png,143954
/icon-512.png,7629
/icon.svg,258
/manifest.json,487
/robots.txt,14
/shortcut.png,946
/site-preview.png,103325
/sitemap.xml,1018
/social-image.png,66549
/static/avatar.jpg,3996
/static/clay-mockups.png,311382
/static/hello-world-banner-placeholder.jpg,736
/static/hello-world-banner.jpg,185556
/static/hello-world-og.jpg,73170
/static/inspiration.png,842446
/static/modern-styling-in-react-banner-placeholder.jpg,893
/static/modern-styling-in-react-banner.jpg,512400
/static/modern-styling-in-react-og.jpg,118731
/static/og-blank.png,108484
/,4592938